{ 
"objects":[ 
{ 
"ID":"caf15ad7-1a2f-4103-84d9-bd3ba5d1dfa4",
"JobTitle":"Production Painter",
"EmailAddress":"Ember_Poole1104@chkzl.net",
"FirstNameLastName":"Ember Poole"
},
{ 
"ID":"249f7b35-bfd6-49f8-a32d-e0947c06d6c5",
"JobTitle":"Mobile Developer",
"EmailAddress":"Harmony_Wilde403@6ijur.zone",
"FirstNameLastName":"Harmony Wilde"
},
{ 
"ID":"7984f100-ec91-4cf2-8cd7-91c25a974e28",
"JobTitle":"Food Technologist",
"EmailAddress":"Andrea_Ellis508@p5emz.software",
"FirstNameLastName":"Andrea Ellis"
},
{ 
"ID":"c1377073-cd7f-49ba-8ac5-79f436bd8071",
"JobTitle":"Bellman",
"EmailAddress":"Megan_Edler1783@zynuu.app",
"FirstNameLastName":"Megan Edler"
},
{ 
"ID":"6e28221e-a6cd-40fb-b732-9057518a7710",
"JobTitle":"Bellman",
"EmailAddress":"Russel_Hale1944@yfxpw.name",
"FirstNameLastName":"Russel Hale"
},
{ 
"ID":"90c6cdff-024c-451e-a96e-97423998a364",
"JobTitle":"Health Educator",
"EmailAddress":"Brooklyn_Knight5480@y96lx.audio",
"FirstNameLastName":"Brooklyn Knight"
},
{ 
"ID":"016687a8-5ae6-4060-98f2-53e3bf9ad824",
"JobTitle":"Associate Professor",
"EmailAddress":"Barney_Powell937@jcf8v.directory",
"FirstNameLastName":"Barney Powell"
},
{ 
"ID":"eef6937c-a287-4517-bbef-79819ddce588",
"JobTitle":"Chef Manager",
"EmailAddress":"Erick_Mitchell5329@xqj6f.site",
"FirstNameLastName":"Erick Mitchell"
},
{ 
"ID":"2f46b31f-1116-4b2b-91f3-94122bab4f8e",
"JobTitle":"Systems Administrator",
"EmailAddress":"Hank_Morris6887@chkzl.autos",
"FirstNameLastName":"Hank Morris"
},
{ 
"ID":"12b46e76-3d1a-4583-a952-9515d667fb99",
"JobTitle":"Treasurer",
"EmailAddress":"Domenic_Thatcher4910@urn0m.auction",
"FirstNameLastName":"Domenic Thatcher"
}
]}
