{ 
"objects":[ 
{ 
"ID":"c6f3591d-07bf-4909-a13a-5f9eaba30f8e",
"JobTitle":"Assistant Buyer",
"EmailAddress":"Boris_Casey2863@p5emz.website",
"FirstNameLastName":"Boris Casey"
},
{ 
"ID":"3f989504-8348-4d4d-8151-894cad20cadf",
"JobTitle":"Mobile Developer",
"EmailAddress":"Rose_Widdows8432@xqj6f.edu",
"FirstNameLastName":"Rose Widdows"
},
{ 
"ID":"fa6c33fa-5bc4-4af2-b4fc-c7e6ffc74098",
"JobTitle":"Retail Trainee",
"EmailAddress":"Hope_Reynolds6567@gkvds.meet",
"FirstNameLastName":"Hope Reynolds"
},
{ 
"ID":"557ece76-d9e0-4b73-bf37-41fc32c65782",
"JobTitle":"Fabricator",
"EmailAddress":"Evelynn_Broomfield6832@ohqqh.software",
"FirstNameLastName":"Evelynn Broomfield"
},
{ 
"ID":"76b89414-06ba-489d-8eb0-eb0f8d15755a",
"JobTitle":"Banker",
"EmailAddress":"Boris_Robe6635@evyvh.mobi",
"FirstNameLastName":"Boris Robe"
},
{ 
"ID":"323d850b-d014-4014-b3a8-44bb043d8150",
"JobTitle":"Ambulatory Nurse",
"EmailAddress":"Michaela_Higgs1455@mpibr.pro",
"FirstNameLastName":"Michaela Higgs"
},
{ 
"ID":"cce87bb5-d52a-47d5-a655-efe33fd9ea46",
"JobTitle":"Chef Manager",
"EmailAddress":"Emely_Graves3760@p5emz.press",
"FirstNameLastName":"Emely Graves"
},
{ 
"ID":"b24dca6f-a893-4a6a-97c4-4a25019866e9",
"JobTitle":"Operator",
"EmailAddress":"Owen_Gregory322@avn7d.digital",
"FirstNameLastName":"Owen Gregory"
},
{ 
"ID":"27234590-bdea-436f-8715-0d8f900c9e6f",
"JobTitle":"Dentist",
"EmailAddress":"Anthony_Varley6778@1wa8o.us",
"FirstNameLastName":"Anthony Varley"
},
{ 
"ID":"e7f55bc1-0c4a-48eb-aa04-7d42d5c14e56",
"JobTitle":"Paramedic",
"EmailAddress":"Tom_Shaw4290@gkvds.biz",
"FirstNameLastName":"Tom Shaw"
}
]}
