{ 
"objects":[ 
{ 
"ID":"07ebad5d-5ef4-4f5e-b92a-8db2f3d9503b",
"JobTitle":"Cash Manager",
"EmailAddress":"Matthew_Jones8004@zynuu.edu",
"FirstNameLastName":"Matthew Jones"
},
{ 
"ID":"4a7c7b5d-c5e8-45e3-91c0-8b5747e03395",
"JobTitle":"Stockbroker",
"EmailAddress":"Kimberly_Jenkins1289@bcfhs.store",
"FirstNameLastName":"Kimberly Jenkins"
},
{ 
"ID":"57a69795-008d-4df9-b439-086de6e9f5f0",
"JobTitle":"Executive Director",
"EmailAddress":"Roger_Saunders5863@fhuux.org",
"FirstNameLastName":"Roger Saunders"
},
{ 
"ID":"cbcfe417-a4b7-47b4-a9a4-0e40e6a15c23",
"JobTitle":"Fabricator",
"EmailAddress":"Ciara_Thomson5002@iscmr.info",
"FirstNameLastName":"Ciara Thomson"
},
{ 
"ID":"9dba3f78-266a-460f-b1fb-8353ea7ef17b",
"JobTitle":"Clerk",
"EmailAddress":"George_Bradley5396@gnjps.ca",
"FirstNameLastName":"George Bradley"
},
{ 
"ID":"14a9a6e2-e52c-4340-bfa8-c5746c706a76",
"JobTitle":"Project Manager",
"EmailAddress":"Melody_Isaac3423@bu2lo.property",
"FirstNameLastName":"Melody Isaac"
},
{ 
"ID":"3b41a94c-111f-4a51-8786-39488500397a",
"JobTitle":"Investment  Advisor",
"EmailAddress":"Brad_Higgs1547@qu9ml.app",
"FirstNameLastName":"Brad Higgs"
},
{ 
"ID":"3e76b1f1-3151-47b2-a2ff-70688f18cc36",
"JobTitle":"Software Engineer",
"EmailAddress":"Adalie_Curtis3052@yfxpw.host",
"FirstNameLastName":"Adalie Curtis"
},
{ 
"ID":"c3b64c53-f63f-4b58-a68b-0bfab2ad78eb",
"JobTitle":"Chef Manager",
"EmailAddress":"Caleb_Rothwell5450@crzq7.audio",
"FirstNameLastName":"Caleb Rothwell"
},
{ 
"ID":"50f83788-8baf-44e8-9fd2-2a6941db06e5",
"JobTitle":"Cashier",
"EmailAddress":"Rick_Stanton487@jcf8v.edu",
"FirstNameLastName":"Rick Stanton"
}
]}
