{ 
"objects":[ 
{ 
"ID":"77e8a069-378e-4bde-998d-675d1a0f6046",
"JobTitle":"Dentist",
"EmailAddress":"Adina_Stevenson6622@iaart.digital",
"FirstNameLastName":"Adina Stevenson"
},
{ 
"ID":"919c6e70-6a55-460c-ae70-3170f41f9d51",
"JobTitle":"Budget Analyst",
"EmailAddress":"Alice_Farmer3508@ag5wi.center",
"FirstNameLastName":"Alice Farmer"
},
{ 
"ID":"a70bb242-4647-46de-abf4-f956d52c5715",
"JobTitle":"Clerk",
"EmailAddress":"Bristol_Nayler7308@yahoo.edu",
"FirstNameLastName":"Bristol Nayler"
},
{ 
"ID":"443c5d20-a8cb-409c-b61a-82f28f70e31b",
"JobTitle":"Health Educator",
"EmailAddress":"Selena_Victor1113@yfxpw.audio",
"FirstNameLastName":"Selena Victor"
},
{ 
"ID":"1023c68e-6f51-4320-ad74-b626ec5f57e9",
"JobTitle":"Mobile Developer",
"EmailAddress":"Rosie_Strong3618@xtwt3.software",
"FirstNameLastName":"Rosie Strong"
},
{ 
"ID":"9e086725-da53-4f1c-a678-0a115f93c0f7",
"JobTitle":"Executive Director",
"EmailAddress":"Elise_Drake4390@voylg.us",
"FirstNameLastName":"Elise Drake"
},
{ 
"ID":"4c53c02e-0b04-4ec7-baf6-94a850f87313",
"JobTitle":"IT Support Staff",
"EmailAddress":"Luke_Aldridge3831@zynuu.center",
"FirstNameLastName":"Luke Aldridge"
},
{ 
"ID":"270eda10-b72b-47e7-afed-dcf41583b5b4",
"JobTitle":"Machine Operator",
"EmailAddress":"Bob_Bryson6840@3wbkp.directory",
"FirstNameLastName":"Bob Bryson"
},
{ 
"ID":"df207415-09b5-4fa6-9c26-a56e186e43da",
"JobTitle":"Food Technologist",
"EmailAddress":"Regina_Cameron5218@ptr6k.info",
"FirstNameLastName":"Regina Cameron"
},
{ 
"ID":"cb731064-5bc7-4a0d-94e6-33be4de8519f",
"JobTitle":"Paramedic",
"EmailAddress":"Penelope_Grady1680@ckzyi.info",
"FirstNameLastName":"Penelope Grady"
}
]}
