{ 
"objects":[ 
{ 
"ID":"839a09d2-ceaa-49f3-ab0c-cead57b3dbba",
"JobTitle":"Bookkeeper",
"EmailAddress":"Gwenyth_Alcroft5570@xqj6f.media",
"FirstNameLastName":"Gwenyth Alcroft"
},
{ 
"ID":"ac2c8c88-6ded-4c1a-9165-10b8e1ab85ca",
"JobTitle":"Project Manager",
"EmailAddress":"Jessica_Gilmore4444@p5emz.video",
"FirstNameLastName":"Jessica Gilmore"
},
{ 
"ID":"307185d0-347c-4f66-9e8e-fdaba0507ca4",
"JobTitle":"Restaurant Manager",
"EmailAddress":"Hayden_Drake6272@nanoff.autos",
"FirstNameLastName":"Hayden Drake"
},
{ 
"ID":"b8997395-cbf1-4c40-9b94-c57644c754ad",
"JobTitle":"HR Specialist",
"EmailAddress":"Kate_Cork1203@iscmr.software",
"FirstNameLastName":"Kate Cork"
},
{ 
"ID":"20994e27-1d55-4b54-8a14-def5025df08c",
"JobTitle":"Production Painter",
"EmailAddress":"Chelsea_Santos6396@xtwt3.page",
"FirstNameLastName":"Chelsea Santos"
},
{ 
"ID":"7bc63e3a-b23c-4914-ac2d-ba7e91d605d7",
"JobTitle":"Dentist",
"EmailAddress":"Cynthia_Strong8814@cke3u.video",
"FirstNameLastName":"Cynthia Strong"
},
{ 
"ID":"c320ca8c-cdf7-4350-9b93-0e9716aa2d99",
"JobTitle":"Web Developer",
"EmailAddress":"Eryn_Murray4954@gnjps.catering",
"FirstNameLastName":"Eryn Murray"
},
{ 
"ID":"a1c705d1-a326-4e71-95c8-591f41707822",
"JobTitle":"CNC Operator",
"EmailAddress":"Ronald_Hall5146@cdpfn.store",
"FirstNameLastName":"Ronald Hall"
},
{ 
"ID":"6e6a9c54-5036-486e-a76d-22bb356c2d6d",
"JobTitle":"Restaurant Manager",
"EmailAddress":"Katelyn_Ellwood1197@bqkv0.page",
"FirstNameLastName":"Katelyn Ellwood"
},
{ 
"ID":"5546ae90-cbb5-4930-9711-ba765bcad10f",
"JobTitle":"Operator",
"EmailAddress":"Jack_May6501@lyvnc.video",
"FirstNameLastName":"Jack May"
}
]}
