{ 
"objects":[ 
{ 
"ID":"beb9952c-209e-494e-820f-22cab3202d81",
"JobTitle":"Lecturer",
"EmailAddress":"Ivy_Jones9948@y96lx.pro",
"FirstNameLastName":"Ivy Jones"
},
{ 
"ID":"2b2b2c72-5e81-4b95-ac59-5f6c6c245df4",
"JobTitle":"Systems Administrator",
"EmailAddress":"Juliette_Saunders4706@avn7d.website",
"FirstNameLastName":"Juliette Saunders"
},
{ 
"ID":"d2aabd6c-91db-4bd9-b7e6-fb6750fe5509",
"JobTitle":"Auditor",
"EmailAddress":"Nate_Moore8704@fhuux.club",
"FirstNameLastName":"Nate Moore"
},
{ 
"ID":"cc9f8e11-d672-4d8e-8b05-328eba81b5bf",
"JobTitle":"Chef Manager",
"EmailAddress":"Maxwell_Bailey5173@chkzl.biz",
"FirstNameLastName":"Maxwell Bailey"
},
{ 
"ID":"7bb6472b-65b4-4846-b69f-9c513f32b497",
"JobTitle":"Food Technologist",
"EmailAddress":"Doug_Lambert7988@lyvnc.software",
"FirstNameLastName":"Doug Lambert"
},
{ 
"ID":"7597b7bb-9985-499c-8c45-83186d306673",
"JobTitle":"Fabricator",
"EmailAddress":"Barry_Stewart1972@ptr6k.center",
"FirstNameLastName":"Barry Stewart"
},
{ 
"ID":"d9d854a7-f7b4-4bc8-bc61-2a3582a16d4c",
"JobTitle":"Global Logistics Supervisor",
"EmailAddress":"Harry_Todd5556@yahoo.space",
"FirstNameLastName":"Harry Todd"
},
{ 
"ID":"40d2455b-e713-47c6-bfe2-a74bdbd87db6",
"JobTitle":"Assistant Buyer",
"EmailAddress":"Bryon_Olson4810@gkvds.catering",
"FirstNameLastName":"Bryon Olson"
},
{ 
"ID":"6dc86b1f-c771-4fa9-a17a-f572ff4c340c",
"JobTitle":"Physician",
"EmailAddress":"Owen_Griffiths155@voylg.directory",
"FirstNameLastName":"Owen Griffiths"
},
{ 
"ID":"187df42f-1dd9-4816-bf97-98f8d4ec0ee5",
"JobTitle":"Webmaster",
"EmailAddress":"Boris_Bristow3705@mpibr.catering",
"FirstNameLastName":"Boris Bristow"
}
]}
