{ 
"objects":[ 
{ 
"ID":"852ca6f2-1ce8-4533-b123-4880bd91cafa",
"JobTitle":"Paramedic",
"EmailAddress":"Louise_Potts4157@yafr7.video",
"FirstNameLastName":"Louise Potts"
},
{ 
"ID":"59382cf3-bb30-4bf8-9106-ad183aafcc6d",
"JobTitle":"Project Manager",
"EmailAddress":"Roger_Cartwright4471@uagvw.audio",
"FirstNameLastName":"Roger Cartwright"
},
{ 
"ID":"f21f87de-56c3-419f-8dda-178bb2703959",
"JobTitle":"Doctor",
"EmailAddress":"Elijah_Yang9007@bqkv0.press",
"FirstNameLastName":"Elijah Yang"
},
{ 
"ID":"46758740-45e8-4ecc-9c1e-23909b7777ec",
"JobTitle":"Banker",
"EmailAddress":"Logan_Harper3098@c2nyu.mobi",
"FirstNameLastName":"Logan Harper"
},
{ 
"ID":"d2ebb2f5-0d99-4922-af91-d6c6392106bc",
"JobTitle":"Machine Operator",
"EmailAddress":"Dakota_Johnson3504@urn0m.shop",
"FirstNameLastName":"Dakota Johnson"
},
{ 
"ID":"51a33ff3-d24c-4211-9da3-3a17532eb9a7",
"JobTitle":"Investment  Advisor",
"EmailAddress":"Stella_Kelly4163@6ijur.meet",
"FirstNameLastName":"Stella Kelly"
},
{ 
"ID":"83da9fd5-69fe-4d5c-bfbf-a5b5a093f88f",
"JobTitle":"Clerk",
"EmailAddress":"Julianna_Collis7559@nb44i.center",
"FirstNameLastName":"Julianna Collis"
},
{ 
"ID":"49e8adb3-d485-42da-be4e-3fbedd883bc9",
"JobTitle":"Treasurer",
"EmailAddress":"Mike_Kaur7466@iaart.autos",
"FirstNameLastName":"Mike Kaur"
},
{ 
"ID":"d3b690cf-2e4c-4152-a6ab-81ace757b900",
"JobTitle":"Baker",
"EmailAddress":"Ramon_Barrett5559@dbxli.pro",
"FirstNameLastName":"Ramon Barrett"
},
{ 
"ID":"3c96ed54-44b9-4baa-882d-0531f29f8c5b",
"JobTitle":"Design Engineer",
"EmailAddress":"Johnathan_Forth3403@iscmr.software",
"FirstNameLastName":"Johnathan Forth"
}
]}
