{ 
"objects":[ 
{ 
"ID":"57c37ba4-5e34-4832-8d8f-e4425557023f",
"JobTitle":"Bookkeeper",
"EmailAddress":"George_Cassidy4078@nanoff.services",
"FirstNameLastName":"George Cassidy"
},
{ 
"ID":"ed0c8ad6-c7de-44f7-ab51-c39663de5596",
"JobTitle":"Global Logistics Supervisor",
"EmailAddress":"Roger_Phillips6476@gkvds.tech",
"FirstNameLastName":"Roger Phillips"
},
{ 
"ID":"247eee68-48d9-495c-9526-88d8a26767e1",
"JobTitle":"Production Painter",
"EmailAddress":"Oliver_Edley8572@urn0m.works",
"FirstNameLastName":"Oliver Edley"
},
{ 
"ID":"005de88d-93cb-4dd6-8bbe-fc0c4b05eb22",
"JobTitle":"Systems Administrator",
"EmailAddress":"Nina_Rodwell4047@iaart.media",
"FirstNameLastName":"Nina Rodwell"
},
{ 
"ID":"a913b964-4176-4fd9-b471-cd5f88f890a8",
"JobTitle":"Machine Operator",
"EmailAddress":"Ethan_Torres4869@yfxpw.page",
"FirstNameLastName":"Ethan Torres"
},
{ 
"ID":"9cff8350-5f3e-4ed9-b5e5-9fba161e585d",
"JobTitle":"Webmaster",
"EmailAddress":"Morgan_Collins2347@1kmd3.store",
"FirstNameLastName":"Morgan Collins"
},
{ 
"ID":"0289d251-a3b6-42b0-bc1f-5bb5edf00f38",
"JobTitle":"Treasurer",
"EmailAddress":"Chuck_Larsen8996@cke3u.net",
"FirstNameLastName":"Chuck Larsen"
},
{ 
"ID":"03e1a598-68c2-442b-afbe-eec27ea9ea3f",
"JobTitle":"Designer",
"EmailAddress":"Charlize_Yoman2691@v1wn5.page",
"FirstNameLastName":"Charlize Yoman"
},
{ 
"ID":"a4500651-9997-484c-9a39-b64dbab76706",
"JobTitle":"Designer",
"EmailAddress":"Juliet_Owen423@3wbkp.catering",
"FirstNameLastName":"Juliet Owen"
},
{ 
"ID":"b15adf6a-f10f-44d8-83b0-17528cd15de3",
"JobTitle":"Auditor",
"EmailAddress":"Gil_Morris9385@cdpfn.us",
"FirstNameLastName":"Gil Morris"
}
]}
