{ 
"objects":[ 
{ 
"ID":"106e96ad-6d5b-4b83-b8aa-655622739f90",
"JobTitle":"Designer",
"EmailAddress":"Nate_Bristow2547@d9un8.online",
"FirstNameLastName":"Nate Bristow"
},
{ 
"ID":"55d934cb-9e1c-4b54-b44f-b8a02255e1ac",
"JobTitle":"Associate Professor",
"EmailAddress":"Elijah_Villiger2568@cdpfn.shop",
"FirstNameLastName":"Elijah Villiger"
},
{ 
"ID":"a87dfc79-cfe0-4e05-91db-bf79f9b859e3",
"JobTitle":"Insurance Broker",
"EmailAddress":"Rosalie_Bristow6483@1kmd3.catering",
"FirstNameLastName":"Rosalie Bristow"
},
{ 
"ID":"be59cfe8-519a-48b5-b910-f0d24c599100",
"JobTitle":"Audiologist",
"EmailAddress":"Lana_Ashley4102@1wa8o.host",
"FirstNameLastName":"Lana Ashley"
},
{ 
"ID":"d5a5013b-4fc8-4d7e-add6-ee7c34051d43",
"JobTitle":"Global Logistics Supervisor",
"EmailAddress":"Melanie_Nurton5951@gkvds.press",
"FirstNameLastName":"Melanie Nurton"
},
{ 
"ID":"f27a78f3-7e86-4d3c-9f55-35e6d5b2e5fc",
"JobTitle":"Assistant Buyer",
"EmailAddress":"Rosalyn_Yarwood5751@nb44i.property",
"FirstNameLastName":"Rosalyn Yarwood"
},
{ 
"ID":"fc5bce2c-19f8-4aff-be84-2288e35518e2",
"JobTitle":"Executive Director",
"EmailAddress":"Roger_Saunders8008@iscmr.store",
"FirstNameLastName":"Roger Saunders"
},
{ 
"ID":"afb29c86-1dd4-42a0-8d2d-209c4131ebdc",
"JobTitle":"Treasurer",
"EmailAddress":"Rocco_Yard4477@avn7d.page",
"FirstNameLastName":"Rocco Yard"
},
{ 
"ID":"db7100db-3c94-4fb1-824f-3fd074c59929",
"JobTitle":"Auditor",
"EmailAddress":"Sloane_Lambert7929@6ijur.mobi",
"FirstNameLastName":"Sloane Lambert"
},
{ 
"ID":"a7dc2bfd-bb85-4597-a218-1c102510d712",
"JobTitle":"Baker",
"EmailAddress":"Nate_Newman2301@chkzl.page",
"FirstNameLastName":"Nate Newman"
}
]}
