{ 
"objects":[ 
{ 
"ID":"13da59a0-7ce7-4a28-a8ca-90eb9c5a17a5",
"JobTitle":"Stockbroker",
"EmailAddress":"Mark_Sherry7531@voylg.website",
"FirstNameLastName":"Mark Sherry"
},
{ 
"ID":"46edfbc1-902e-41ec-b032-63f3e165b581",
"JobTitle":"HR Coordinator",
"EmailAddress":"Johnny_Bingham1472@dvqq2.online",
"FirstNameLastName":"Johnny Bingham"
},
{ 
"ID":"f5d5804f-96d0-4b46-b980-1655b71e85a1",
"JobTitle":"Design Engineer",
"EmailAddress":"Marvin_Plumb2128@p5emz.zone",
"FirstNameLastName":"Marvin Plumb"
},
{ 
"ID":"9a33fd4d-de69-45b3-a297-d15d065c2643",
"JobTitle":"Insurance Broker",
"EmailAddress":"George_Dixon1995@dvqq2.mobi",
"FirstNameLastName":"George Dixon"
},
{ 
"ID":"952433df-b357-423b-80c0-c9b5b636b8a2",
"JobTitle":"Accountant",
"EmailAddress":"Ramon_Jacobs5394@bu2lo.edu",
"FirstNameLastName":"Ramon Jacobs"
},
{ 
"ID":"e4bbc3c4-bc13-43bd-a4b6-7dbd74a5b2d1",
"JobTitle":"CNC Operator",
"EmailAddress":"Alison_Welsch7941@gnjps.video",
"FirstNameLastName":"Alison Welsch"
},
{ 
"ID":"d83a3f52-3be1-415c-b79e-779a7220e964",
"JobTitle":"Bookkeeper",
"EmailAddress":"Bart_Douglas8169@v1wn5.org",
"FirstNameLastName":"Bart Douglas"
},
{ 
"ID":"ef7f7ed2-451f-448f-bd7f-fe8986bef83c",
"JobTitle":"Retail Trainee",
"EmailAddress":"Havana_Judd8742@dvqq2.tech",
"FirstNameLastName":"Havana Judd"
},
{ 
"ID":"0a1b15da-6e65-421a-9614-b00e0623b35a",
"JobTitle":"Global Logistics Supervisor",
"EmailAddress":"Josh_Hopkins228@yfxpw.zone",
"FirstNameLastName":"Josh Hopkins"
},
{ 
"ID":"ef16e0e3-691d-42c2-8b51-aebc681d3dca",
"JobTitle":"Design Engineer",
"EmailAddress":"Boris_Neal5155@karnv.host",
"FirstNameLastName":"Boris Neal"
}
]}
