{ 
"objects":[ 
{ 
"ID":"633ca27c-3786-4436-a9ff-de96e077ee62",
"JobTitle":"Web Developer",
"EmailAddress":"Eryn_Taylor8790@bqkv0.ca",
"FirstNameLastName":"Eryn Taylor"
},
{ 
"ID":"01f348dc-6bce-4b30-9b35-85ad13da9ec6",
"JobTitle":"Software Engineer",
"EmailAddress":"Payton_Chappell8250@d9un8.directory",
"FirstNameLastName":"Payton Chappell"
},
{ 
"ID":"0c478110-c9c1-4291-9edf-31aa8cfcc070",
"JobTitle":"Steward",
"EmailAddress":"Macy_Lewin1322@qu9ml.online",
"FirstNameLastName":"Macy Lewin"
},
{ 
"ID":"e702ada4-5dd6-4874-9895-cd6a7e4c3831",
"JobTitle":"HR Specialist",
"EmailAddress":"Adalind_Olson9193@ohqqh.app",
"FirstNameLastName":"Adalind Olson"
},
{ 
"ID":"ac8bb908-512c-4780-82b8-28d98efe093d",
"JobTitle":"Budget Analyst",
"EmailAddress":"Peyton_Newton1502@urn0m.mobi",
"FirstNameLastName":"Peyton Newton"
},
{ 
"ID":"8eba2372-55eb-4a3d-ae68-1ce9bebe3adc",
"JobTitle":"Fabricator",
"EmailAddress":"Julius_Cork5638@bcfhs.host",
"FirstNameLastName":"Julius Cork"
},
{ 
"ID":"c475c6ae-2179-4d88-b562-ca5f515da64d",
"JobTitle":"Banker",
"EmailAddress":"Lucy_Rose4057@6ijur.club",
"FirstNameLastName":"Lucy Rose"
},
{ 
"ID":"993ce7b6-d17a-4a76-b8a1-ed72e6be2ba2",
"JobTitle":"Inspector",
"EmailAddress":"Noah_Maxwell1125@fhuux.info",
"FirstNameLastName":"Noah Maxwell"
},
{ 
"ID":"7b4086de-c128-4882-8c2b-d570aa70c61d",
"JobTitle":"Dentist",
"EmailAddress":"Phillip_Bishop6455@mpibr.directory",
"FirstNameLastName":"Phillip Bishop"
},
{ 
"ID":"b5917101-d048-4c60-8283-4f50a5821a08",
"JobTitle":"Systems Administrator",
"EmailAddress":"Lucy_Burnley8705@3wbkp.software",
"FirstNameLastName":"Lucy Burnley"
}
]}
